<?xml version="1.0" encoding="UTF-8"?>
<!--xedithor's sprite file-->
<!--last saved: 18/12/2011 17:34-->
<sprites>
    <image>
        <path>C:/Users/Andrew/Desktop/Personal Project/Sprites.png</path>
    </image>
    <modules nModules="12">
        <nRow>0 1000 236 8 32 33 </nRow>
        <nRow>0 1001 268 8 32 33 </nRow>
        <nRow>0 1002 300 8 32 33 </nRow>
        <nRow>0 1003 235 41 32 33 </nRow>
        <nRow>0 1004 269 40 32 33 </nRow>
        <nRow>0 1005 299 41 32 33 </nRow>
        <nRow>0 1006 238 73 32 33 </nRow>
        <nRow>0 1007 269 72 32 33 </nRow>
        <nRow>0 1008 301 73 32 33 </nRow>
        <nRow>0 1009 238 105 32 33 </nRow>
        <nRow>0 1010 268 104 32 33 </nRow>
        <nRow>0 1011 302 105 32 33 </nRow>
    </modules>
    <frames nFrames="12">
        <itemFrame ID="3000" nModFrame="1" name="frame">
            <RowModFrm>1000 0 -33 </RowModFrm>
        </itemFrame>
        <itemFrame ID="3001" nModFrame="1" name="frame">
            <RowModFrm>1001 0 -33 </RowModFrm>
        </itemFrame>
        <itemFrame ID="3002" nModFrame="1" name="frame">
            <RowModFrm>1002 0 -33 </RowModFrm>
        </itemFrame>
        <itemFrame ID="3003" nModFrame="1" name="frame">
            <RowModFrm>1003 0 -33 </RowModFrm>
        </itemFrame>
        <itemFrame ID="3004" nModFrame="1" name="frame">
            <RowModFrm>1004 0 -33 </RowModFrm>
        </itemFrame>
        <itemFrame ID="3005" nModFrame="1" name="frame">
            <RowModFrm>1005 0 -33 </RowModFrm>
        </itemFrame>
        <itemFrame ID="3006" nModFrame="1" name="frame">
            <RowModFrm>1006 0 -33 </RowModFrm>
        </itemFrame>
        <itemFrame ID="3007" nModFrame="1" name="frame">
            <RowModFrm>1007 0 -33 </RowModFrm>
        </itemFrame>
        <itemFrame ID="3008" nModFrame="1" name="frame">
            <RowModFrm>1008 0 -33 </RowModFrm>
        </itemFrame>
        <itemFrame ID="3009" nModFrame="1" name="frame">
            <RowModFrm>1009 0 -32 </RowModFrm>
        </itemFrame>
        <itemFrame ID="3010" nModFrame="1" name="frame">
            <RowModFrm>1010 0 -33 </RowModFrm>
        </itemFrame>
        <itemFrame ID="3011" nModFrame="1" name="frame">
            <RowModFrm>1011 0 -33 </RowModFrm>
        </itemFrame>
    </frames>
    <anims nAnims="4">
        <itemAnim ID="5000" nAnimFrame="3" name="anim">
            <RowFrmAnim>3000 0 0 1 </RowFrmAnim>
            <RowFrmAnim>3001 0 0 1 </RowFrmAnim>
            <RowFrmAnim>3002 0 0 1 </RowFrmAnim>
        </itemAnim>
        <itemAnim ID="5001" nAnimFrame="3" name="anim">
            <RowFrmAnim>3003 0 0 1 </RowFrmAnim>
            <RowFrmAnim>3004 0 0 1 </RowFrmAnim>
            <RowFrmAnim>3005 0 0 1 </RowFrmAnim>
        </itemAnim>
        <itemAnim ID="5002" nAnimFrame="3" name="anim">
            <RowFrmAnim>3006 0 0 1 </RowFrmAnim>
            <RowFrmAnim>3007 0 0 1 </RowFrmAnim>
            <RowFrmAnim>3008 0 0 1 </RowFrmAnim>
        </itemAnim>
        <itemAnim ID="5003" nAnimFrame="3" name="anim">
            <RowFrmAnim>3009 0 0 1 </RowFrmAnim>
            <RowFrmAnim>3010 0 0 1 </RowFrmAnim>
            <RowFrmAnim>3011 0 0 1 </RowFrmAnim>
        </itemAnim>
    </anims>
</sprites>
